Ticker;Company;Sector;Price;Market Cap
005930.KS;SamsungElec;OTHER;360500.0;2367246118682624.0
000660.KS;SK hynix;OTHER;2360000.0;1675257630949376.0
373220.KS;LG Energy Solution;ENERGY;442500.0;103545000951808.0
285A.T;KIOXIA HOLDINGS CORPORATION;OTHER;78080.0;42638405271552.0
7203.T;TOYOTA MOTOR CORP;OTHER;2881.0;37549179404288.0
8035.T;TOKYO ELECTRON;OTHER;60900.0;27820166217728.0
6758.T;SONY GROUP CORPORATION;OTHER;3619.0;21381274140672.0
6857.T;ADVANTEST CORP;OTHER;27660.0;20064178798592.0
6861.T;KEYENCE CORP;OTHER;80630.0;19554801549312.0
6981.T;MURATA MANUFACTURING CO;OTHER;10420.0;18967435411456.0
8001.T;ITOCHU CORP;OTHER;1858.5;12990752489472.0
6752.T;PANASONIC HOLDINGS CORP;OTHER;3916.0;9142695624704.0
7974.T;NINTENDO CO LTD;OTHER;7457.0;8596645478400.0
6762.T;TDK CORP;OTHER;3950.0;7497655517184.0
6146.T;DISCO CORPORATION;OTHER;68710.0;7452425715712.0
6701.T;NEC CORP;OTHER;4273.0;5676673269760.0
NVDA;NVIDIA Corporation;OTHER;214.75;5201459675136.0
AAPL;Apple Inc.;OTHER;310.26;4556898959360.0
GOOGL;Alphabet Inc.;OTHER;358.99;4349323116544.0
GOOG;Alphabet Inc.;OTHER;355.68;4309220851712.0
6594.T;NIDEC CORPORATION;OTHER;2859.0;3277299908608.0
MSFT;Microsoft Corporation;OTHER;427.34;3174467371008.0
AMZN;Amazon.com, Inc.;OTHER;250.02;2689492582400.0
AVGO;Broadcom Inc.;OTHER;479.23;2268995256320.0
TSM;Taiwan Semiconductor Manufactur;AI;436.69;2264881430528.0
300750.SZ;CONTEMPORARY AMPEREX TECHNOLOGY;OTHER;426.42;1972836106240.0
6479.T;MINEBEA MITSUMI INC;OTHER;4880.0;1959786184704.0
TSLA;Tesla, Inc.;OTHER;423.7;1591300194304.0
META;Meta Platforms, Inc.;OTHER;622.98;1581386956800.0
MU;Micron Technology, Inc.;OTHER;1079.57;1217467777024.0
NOVO-B.CO;Novo Nordisk B A/S;OTHER;271.8;1204053606400.0
ADVANC.BK;ADVANC_ADVANCED INFO SERVICE;OTHER;364.0;1082612383744.0
BRK-B;Berkshire Hathaway Inc. New;OTHER;475.37;1025303576576.0
LLY;Eli Lilly and Company;OTHER;1078.78;961992785920.0
WMT;Walmart Inc.;OTHER;116.89;930219819008.0
6481.T;THK CO LTD;OTHER;7929.0;888633229312.0
AMD;Advanced Micro Devices, Inc.;OTHER;542.52;884633436160.0
002594.SZ;BYD COMPANY LIMITED;OTHER;94.82;864492650496.0
NLMK.ME;NOVOLIPETSK STEEL;OTHER;138.0;827065368576.0
JPM;JP Morgan Chase & Co.;OTHER;300.85;806131007488.0
6324.T;HARMONIC DRIVE SYSTEMS;OTHER;7410.0;701480960000.0
ASML;ASML Holding N.V. - New York Re;OTHER;1726.36;665369640960.0
ORCL;Oracle Corporation;OTHER;230.33;662439723008.0
6268.T;NABTESCO CORP;OTHER;5502.0;644749197312.0
XOM;Exxon Mobil Corporation;OTHER;152.53;632228806656.0
V;Visa Inc.;OTHER;312.4;594104745984.0
ASML.AS;ASML HOLDING;OTHER;1485.2;572422291456.0
INTC;Intel Corporation;OTHER;112.71;566480470016.0
JNJ;Johnson & Johnson;OTHER;223.24;537387106304.0
CSCO;Cisco Systems, Inc.;OTHER;126.5;498591465472.0
ARM;Arm Holdings plc;OTHER;411.83;439866884096.0
LRCX;Lam Research Corporation;OTHER;343.71;429833748480.0
COST;Costco Wholesale Corporation;OTHER;961.83;426718330880.0
CAT;Caterpillar, Inc.;OTHER;926.18;426591059968.0
MA;Mastercard Incorporated;OTHER;471.55;416653967360.0
AMAT;Applied Materials, Inc.;OTHER;500.77;397591052288.0
ABBV;AbbVie Inc.;OTHER;217.13;383623725056.0
CVX;Chevron Corporation;OTHER;189.71;377826017280.0
BAC;Bank of America Corporation;OTHER;52.4;371861356544.0
NFLX;Netflix, Inc.;OTHER;81.52;343264296960.0
UNH;UnitedHealth Group Incorporated;OTHER;377.0;342370418688.0
PLTR;Palantir Technologies Inc.;OTHER;142.2;340897759232.0
KO;Coca-Cola Company (The);OTHER;78.76;338863521792.0
MS;Morgan Stanley;OTHER;210.14;331450646528.0
GE;GE Aerospace;OTHER;314.64;328745222144.0
3350.T;METAPLANET INC;OTHER;254.0;325084512256.0
0992.HK;LENOVO GROUP;OTHER;26.14;324257775616.0
RIO.AX;RIO TINTO FPO [RIO];OTHER;194.47;316249800704.0
HD;Home Depot, Inc. (The);OTHER;312.97;312067620864.0
GS;Goldman Sachs Group, Inc. (The);OTHER;1041.02;307108642816.0
BABA;Alibaba Group Holding Limited;OTHER;127.21;305193811968.0
IBM;International Business Machines;OTHER;305.63;287257165824.0
MRK;Merck & Company, Inc.;OTHER;114.7;283288862720.0
TXN;Texas Instruments Incorporated;OTHER;308.59;280845549568.0
SAAB-B.ST;SAAB AB ser. B;OTHER;517.5;279122542592.0
KLAC;KLA Corporation;OTHER;2125.11;277597847552.0
DELL;Dell Technologies Inc.;OTHER;421.08;273520197632.0
AZN;AstraZeneca PLC;OTHER;176.28;273383505920.0
SNDK;Sandisk Corporation;OTHER;1831.5;271226388480.0
KOG.OL;KONGSBERG GRUPPEN;OTHER;307.5;270479835136.0
MRVL;Marvell Technology, Inc.;OTHER;301.65;264110604288.0
QCOM;QUALCOMM Incorporated;OTHER;250.01;263510540288.0
GEV;GE Vernova Inc.;OTHER;959.36;257799208960.0
SHEL;Shell PLC;OTHER;86.77;241060544512.0
WFC;Wells Fargo & Company;OTHER;78.68;240775708672.0
9992.HK;POP MART;OTHER;179.3;236809306112.0
TM;Toyota Motor Corporation;OTHER;180.22;234887643136.0
LIN;Linde plc;OTHER;507.57;234673618944.0
RTX;RTX Corporation;OTHER;172.55;232370225152.0
BHP;BHP Group Limited;OTHER;90.85;230790348800.0
PANW;Palo Alto Networks, Inc.;OTHER;280.43;227428728832.0
C;Citigroup, Inc.;OTHER;129.93;221605609472.0
ANET;Arista Networks, Inc.;OTHER;174.37;219561361408.0
ORSTED.CO;ORSTED A/S;OTHER;165.65;218833911808.0
ADI;Analog Devices, Inc.;OTHER;437.67;213183397888.0
STX;Seagate Technology Holdings PLC;OTHER;940.69;210929975296.0
SIE.DE;SIEMENS AG                    N;OTHER;275.0;209754423296.0
AXP;American Express Company;OTHER;300.57;205086867456.0
WDC;Western Digital Corporation;OTHER;594.11;204779110400.0
TTE;TotalEnergies SE;OTHER;89.58;198974373888.0
TMUS;T-Mobile US, Inc.;OTHER;181.45;196366041088.0
PEP;Pepsico, Inc.;OTHER;142.54;194843754496.0
VZ;Verizon Communications Inc.;OTHER;46.65;194789834752.0
MCD;McDonald's Corporation;OTHER;273.29;194174156800.0
APP;Applovin Corporation;OTHER;570.83;191764365312.0
CRWD;CrowdStrike Holdings, Inc.;OTHER;747.61;190294048768.0
NVO;Novo Nordisk A/S;OTHER;42.0;186056867840.0
AMGN;Amgen Inc.;OTHER;338.22;182540140544.0
SAP.DE;SAP SE                        I;OTHER;155.94;182069166080.0
SHEL.L;SHELL PLC ORD EUR0.07;OTHER;3268.5;181608038400.0
APH;Amphenol Corporation;OTHER;147.62;181607202816.0
NEE;NextEra Energy, Inc.;ENERGY;84.58;176400498688.0
VWS.CO;Vestas Wind Systems A/S;OTHER;177.5;174533738496.0
TJX;TJX Companies, Inc. (The);OTHER;157.9;174432813056.0
GLW;Corning Incorporated;OTHER;200.76;172781649920.0
DIS;Walt Disney Company (The);OTHER;99.39;172591874048.0
BA;Boeing Company (The);OTHER;210.58;166000705536.0
RMS.PA;HERMES INTL;OTHER;1564.0;163910746112.0
T;AT&T Inc.;OTHER;23.55;163633364992.0
ETN;Eaton Corporation, PLC;OTHER;421.21;163555835904.0
GILD;Gilead Sciences, Inc.;OTHER;128.99;160150110208.0
DE;Deere & Company;OTHER;588.29;158901420032.0
CRM;Salesforce, Inc.;OTHER;190.61;156109586432.0
UNP;Union Pacific Corporation;OTHER;262.13;155630043136.0
ABBN.SW;ABB LTD N;OTHER;85.56;155312685056.0
BLK;BlackRock, Inc.;OTHER;990.87;153816694784.0
SAN.MC;BANCO SANTANDER S.A.;OTHER;10.578;152326782976.0
ABT;Abbott Laboratories;OTHER;86.99;151520313344.0
SCHW;Charles Schwab Corporation (The;OTHER;86.59;150591733760.0
SHOP;Shopify Inc.;OTHER;112.94;146557124608.0
UBER;Uber Technologies, Inc.;OTHER;71.69;145932091392.0
COP;ConocoPhillips;OTHER;119.05;145037901824.0
PFE;Pfizer, Inc.;OTHER;25.34;144423911424.0
ISRG;Intuitive Surgical, Inc.;OTHER;407.29;144246996992.0
HON;Honeywell International Inc.;OTHER;223.26;141469384704.0
WELL;Welltower Inc.;OTHER;199.59;140893454336.0
ALV.DE;Allianz SE                    v;OTHER;368.6;139804917760.0
ENR.DE;Siemens Energy AG             N;ENERGY;160.16;136271912960.0
DTE.DE;DEUTSCHE TELEKOM AG           N;OTHER;28.1;135948435456.0
BX;Blackstone Inc.;OTHER;110.28;134791053312.0
AIR.DE;Airbus SE                     A;AI;169.32;133293465600.0
AIR.PA;AIRBUS SE;AI;169.3;133277720576.0
IBE.MC;ACCIONES IBERDROLA;OTHER;19.5;131777986560.0
RIO.L;RIO TINTO PLC ORD 10P;OTHER;8072.0;131271073792.0
SONY;Sony Group Corporation;OTHER;22.2;131158966272.0
BKNG;Booking Holdings Inc. Common St;OTHER;164.78;127684468736.0
VRT;Vertiv Holdings, LLC;OTHER;331.44;127309021184.0
BTI;British American Tobacco  Indus;OTHER;58.62;126707122176.0
DHR;Danaher Corporation;OTHER;178.08;126039793664.0
ENB;Enbridge Inc;OTHER;55.81;121872097280.0
NOW;ServiceNow, Inc.;OTHER;117.9;121591218176.0
CB;Chubb Limited;OTHER;312.75;121303244800.0
LMT;Lockheed Martin Corporation;OTHER;512.03;118055493632.0
MO;Altria Group, Inc.;OTHER;70.3;117393358848.0
PBR;Petroleo Brasileiro S.A. Petrob;OTHER;18.19;117223030784.0
LOW;Lowe's Companies, Inc.;OTHER;207.65;116491649024.0
IFX.DE;INFINEON TECHNOLOGIES AG      N;OTHER;88.0;114355970048.0
SYK;Stryker Corporation;OTHER;295.0;113091428352.0
PGR;Progressive Corporation (The);OTHER;193.46;112883916800.0
CDNS;Cadence Design Systems, Inc.;OTHER;408.0;112532930560.0
BP;BP p.l.c.;OTHER;43.68;112478773248.0
BMY;Bristol-Myers Squibb Company;OTHER;54.72;111742140416.0
PBR-A;Petroleo Brasileiro S.A. Petrob;OTHER;16.25;111255855104.0
COF;Capital One Financial Corporati;OTHER;177.62;110531641344.0
SBUX;Starbucks Corporation;OTHER;95.89;109285826560.0
ACN;Accenture plc;OTHER;177.43;109196648448.0
VRTX;Vertex Pharmaceuticals Incorpor;OTHER;428.34;108715016192.0
BBVA.MC;BANCO BILBAO VIZCAYA ARGENTARIA;OTHER;19.53;108689383424.0
SU.TO;SUNCOR ENERGY INC.;ENERGY;91.16;107636736000.0
PWR;Quanta Services, Inc.;OTHER;715.67;107393540096.0
FTNT;Fortinet, Inc.;OTHER;146.48;107318329344.0
PH;Parker-Hannifin Corporation;OTHER;850.76;107269259264.0
BYDDY;BYD Co., Ltd.;OTHER;11.71;106762379264.0
EQIX;Equinix, Inc.;OTHER;1077.0;106218315776.0
RR.L;ROLLS-ROYCE HOLDINGS PLC ORD SH;OTHER;1258.2;104378368000.0
ADBE;Adobe Inc.;OTHER;256.24;103572201472.0
SO;Southern Company (The);OTHER;90.49;102009479168.0
FCX;Freeport-McMoRan, Inc.;OTHER;70.64;101549228032.0
CNR.TO;CANADIAN NATIONAL RAILWAY CO.;AI;165.97;100677402624.0
SPOT;Spotify Technology S.A.;OTHER;487.54;100248010752.0
MDT;Medtronic plc.;OTHER;77.95;100078829568.0
GSK;GSK plc;OTHER;49.72;99699941376.0
HWM;Howmet Aerospace Inc.;OTHER;248.63;99478724608.0
CNQ;Canadian Natural Resources Limi;OTHER;47.69;99467501568.0
MAR;Marriott International;OTHER;376.75;99344687104.0
ISP.MI;INTESA SANPAOLO;OTHER;5.643;98350530560.0
TRP.TO;TC ENERGY CORP.;ENERGY;94.24;98176114688.0
1913.HK;PRADA;OTHER;37.7;96467664896.0
CEG;Constellation Energy Corporatio;ENERGY;267.24;95966420992.0
SNPS;Synopsys, Inc.;OTHER;498.02;95360532480.0
BATS.L;BRITISH AMERICAN TOBACCO PLC OR;OTHER;4402.0;95149219840.0
EQNR;Equinor ASA;OTHER;37.95;94536744960.0
DUK;Duke Energy Corporation (Holdin;ENERGY;121.04;94362329088.0
ENEL.MI;ENEL;OTHER;9.48;94072537088.0
NET;Cloudflare, Inc.;OTHER;265.33;93785194496.0
NOK;Nokia Corporation Sponsored;OTHER;16.73;93395795968.0
UPS;United Parcel Service, Inc.;OTHER;108.67;92370182144.0
CME;CME Group Inc.;OTHER;252.64;91284578304.0
GD;General Dynamics Corporation;OTHER;337.04;91145789440.0
ADP;Automatic Data Processing, Inc.;OTHER;227.75;91039481856.0
JCI;Johnson Controls International ;OTHER;146.96;89662586880.0
DDOG;Datadog, Inc.;OTHER;250.33;89107513344.0
MCK;McKesson Corporation;OTHER;739.53;88894504960.0
CIEN;Ciena Corporation;OTHER;620.37;87719346176.0
PNC;PNC Financial Services Group, I;OTHER;218.27;87649517568.0
WMB;Williams Companies, Inc. (The);OTHER;71.66;87640064000.0
ASX;ASE Technology Holding Co., Ltd;OTHER;39.91;87560380416.0
MNST;Monster Beverage Corporation;OTHER;89.04;87081844736.0
CSX;CSX Corporation;OTHER;46.44;86291963904.0
INTU;Intuit Inc.;OTHER;311.44;85190361088.0
1177.HK;SBP GROUP;OTHER;4.77;85079588864.0
SLB;SLB Limited;OTHER;56.85;84994023424.0
AMT;American Tower Corporation (REI;OTHER;182.24;84904353792.0
KKR;KKR & Co. Inc.;OTHER;90.53;84413931520.0
BP.L;BP PLC $0.25;OTHER;545.5;84281835520.0
CMCSA;Comcast Corporation;OTHER;23.52;84018814976.0
SNOW;Snowflake Inc.;OTHER;241.28;83627646976.0
MELI;MercadoLibre, Inc.;OTHER;1638.54;83069362176.0
MPWR;Monolithic Power Systems, Inc.;OTHER;1689.89;83024297984.0
NOKIA.HE;Nokia Corporation;OTHER;14.805;82649415680.0
USB;U.S. Bancorp;OTHER;53.14;82427109376.0
BE;Bloom Energy Corporation;ENERGY;287.32;81726414848.0
COHR;Coherent Corp.;OTHER;417.43;81665720320.0
NXPI;NXP Semiconductors N.V.;SEMICONDUCTOR;321.88;81265393664.0
HCA;HCA Healthcare, Inc.;OTHER;363.23;80578879488.0
E;ENI S.p.A.;OTHER;54.34;79772590080.0
CP;Canadian Pacific Kansas City Li;OTHER;89.12;79115067392.0
MMM;3M Company;OTHER;151.65;79095668736.0
EMR;Emerson Electric Company;OTHER;140.88;78906884096.0
MDLZ;Mondelez International, Inc.;OTHER;61.31;78700568576.0
MCO;Moody's Corporation;OTHER;448.39;78323171328.0
ICE;Intercontinental Exchange Inc.;OTHER;138.45;78295203840.0
MPC;Marathon Petroleum Corporation;OTHER;267.21;78008385536.0
VLO;Valero Energy Corporation;ENERGY;261.45;77633077248.0
FDX;FedEx Corporation;OTHER;324.46;77418348544.0
SU;Suncor Energy  Inc.;ENERGY;65.54;77386039296.0
SPG;Simon Property Group, Inc.;OTHER;203.55;77344849920.0
HLT;Hilton Worldwide Holdings Inc.;OTHER;331.37;75435835392.0
EOG;EOG Resources, Inc.;OTHER;141.5;75366940672.0
INGA.AS;ING GROEP N.V.;OTHER;26.27;75335245824.0
ROST;Ross Stores, Inc.;OTHER;232.62;75239759872.0
NOC;Northrop Grumman Corporation;OTHER;526.06;74718126080.0
HOOD;Robinhood Markets, Inc.;OTHER;82.85;74606845952.0
PSX;Phillips 66;OTHER;184.68;74044678144.0
GM;General Motors Company;OTHER;81.7;73666043904.0
SHW;Sherwin-Williams Company (The);OTHER;296.49;73124995072.0
HPE;Hewlett Packard Enterprise Comp;OTHER;55.15;73029828608.0
LITE;Lumentum Holdings Inc.;OTHER;938.0;72976400384.0
CNI;Canadian National Railway Compa;AI;119.45;72458371072.0
ITW;Illinois Tool Works Inc.;OTHER;250.26;71999799296.0
ECL;Ecolab Inc.;OTHER;255.67;71955128320.0
CI;The Cigna Group;OTHER;270.73;71616856064.0
BSX;Boston Scientific Corporation;OTHER;47.69;70884278272.0
STM;STMicroelectronics N.V.;OTHER;79.71;70845775872.0
CRH;CRH PLC;OTHER;105.89;70755721216.0
CTAS;Cintas Corporation;OTHER;174.72;69911920640.0
CVNA;Carvana Co.;OTHER;63.65;69813592064.0
KMI;Kinder Morgan, Inc.;OTHER;31.37;69792792576.0
ENI.MI;ENI;OTHER;23.455;68865146880.0
AEP;American Electric Power Company;OTHER;126.31;68725907456.0
NSC;Norfolk Southern Corporation;OTHER;305.11;68525871104.0
VALE;VALE S.A.;OTHER;16.06;68466200576.0
ENGI.PA;ENGIE;OTHER;26.84;68198678528.0
CL;Colgate-Palmolive Company;OTHER;84.87;67912069120.0
MSI;Motorola Solutions, Inc.;OTHER;408.39;67790938112.0
TDG;Transdigm Group Incorporated;OTHER;1211.57;67767447552.0
AON;Aon plc;OTHER;315.6;67404886016.0
DASH;DoorDash, Inc.;OTHER;154.58;67353399296.0
RKLB;Rocket Lab Corporation;OTHER;114.7;66396094464.0
DLR;Digital Realty Trust, Inc.;OTHER;183.5;65637781504.0
REGN;Regeneron Pharmaceuticals, Inc.;OTHER;618.95;64890118144.0
NKE;Nike, Inc.;OTHER;43.81;64877662208.0
TER;Teradyne, Inc.;OTHER;409.67;64130629632.0
NBIS;Nebius Group N.V.;OTHER;251.68;63901093888.0
BKR;Baker Hughes Company;OTHER;64.27;63760248832.0
TEL;TE Connectivity plc;OTHER;218.39;63747125248.0
APD;Air Products and Chemicals, Inc;AI;282.27;62856077312.0
F;Ford Motor Company;OTHER;15.71;62599524352.0
ALAB;Astera Labs, Inc.;OTHER;363.54;62313644032.0
TRV;The Travelers Companies, Inc.;OTHER;289.95;61656330240.0
RACE;Ferrari N.V.;OTHER;344.4;60673347584.0
CRWV;CoreWeave, Inc.;OTHER;110.93;60520120320.0
PCAR;PACCAR Inc.;OTHER;114.38;60196618240.0
KEYS;Keysight Technologies Inc.;OTHER;350.48;59840430080.0
FLEX;Flex Ltd.;OTHER;161.94;59331239936.0
OXY;Occidental Petroleum Corporatio;OTHER;59.64;59320012800.0
FANG;Diamondback Energy, Inc.;ENERGY;210.59;59241771008.0
TFC;Truist Financial Corporation;OTHER;47.42;59079581696.0
DHL.DE;DEUTSCHE POST AG              N;OTHER;52.54;58805043200.0
SRE;DBA Sempra;OTHER;89.53;58524868608.0
AFL;AFLAC Incorporated;OTHER;114.5;58278768640.0
MRK.DE;MERCK KGAA                    I;OTHER;133.5;58042847232.0
D;Dominion Energy, Inc.;ENERGY;65.46;57572888576.0
TGT;Target Corporation;OTHER;124.8;56683053056.0
NU;Nu Holdings Ltd.;OTHER;11.64;56590667776.0
LHX;L3Harris Technologies, Inc.;OTHER;303.45;56531202048.0
TRGP;Targa Resources, Inc.;OTHER;262.69;56384806912.0
CARR;Carrier Global Corporation;OTHER;67.58;56130625536.0
RHM.DE;RHEINMETALL AG                I;OTHER;1200.4;55869038592.0
BA.L;BAE SYSTEMS PLC ORD 2.5P;OTHER;1900.0;55757000704.0
O;Realty Income Corporation;OTHER;59.72;55688454144.0
SE;Sea Limited;OTHER;89.46;54792867840.0
OKE;ONEOK, Inc.;OTHER;86.75;54655348736.0
ALL;Allstate Corporation (The);OTHER;209.34;53888495616.0
UMC;United Microelectronics Corpora;OTHER;21.42;53748920320.0
FAST;Fastenal Company;OTHER;46.46;53337706496.0
DVN;Devon Energy Corporation;ENERGY;46.18;53264158720.0
PSA;Public Storage;OTHER;301.97;53009547264.0
CLS;Celestica, Inc.;OTHER;458.14;52673777664.0
MCHP;Microchip Technology Incorporat;OTHER;96.55;52337758208.0
AME;AMETEK, Inc.;OTHER;228.23;52311003136.0
MET;MetLife, Inc.;OTHER;80.96;52092641280.0
ON;ON Semiconductor Corporation;SEMICONDUCTOR;133.93;52072411136.0
AJG;Arthur J. Gallagher & Co.;OTHER;202.5;52030754816.0
VST;Vistra Corp.;OTHER;153.8;51858665472.0
DAL;Delta Air Lines, Inc.;AI;78.78;51758014464.0
ROK;Rockwell Automation, Inc.;OTHER;461.73;51378524160.0
EA;Electronic Arts Inc.;OTHER;202.63;50809774080.0
CCJ;Cameco Corporation;OTHER;114.56;49894658048.0
EW;Edwards Lifesciences Corporatio;OTHER;86.0;49518800896.0
LNG;Cheniere Energy, Inc.;ENERGY;235.37;49322221568.0
ADSK;Autodesk, Inc.;OTHER;229.6;48478949376.0
EBAY;eBay Inc.;OTHER;108.82;48316080128.0
XEL;Xcel Energy Inc.;ENERGY;77.39;48312221696.0
EOAN.DE;E.ON SE                       N;OTHER;18.105;47309774848.0
GFS;GlobalFoundries Inc.;OTHER;85.99;47158329344.0
ORA.PA;ORANGE;OTHER;17.705;47082602496.0
FANUY;Fanuc Corporation;OTHER;24.84;46359314432.0
HO.PA;THALES;OTHER;224.9;46212784128.0
EXC;Exelon Corporation;OTHER;45.08;46126223360.0
HEI;Heico Corporation;OTHER;329.11;45963264000.0
VOW.DE;VOLKSWAGEN AG                 I;OTHER;91.25;45743194112.0
BAS.DE;BASF SE                       N;OTHER;50.78;44906033152.0
VOW3.DE;VOLKSWAGEN AG                 V;OTHER;89.32;44775694336.0
WAB;Westinghouse Air Brake Technolo;AI;262.78;44587810816.0
MSTR;Strategy Inc;OTHER;126.545;44532641792.0
IDXX;IDEXX Laboratories, Inc.;OTHER;560.73;44232065024.0
AUTO.OL;AUTOSTORE HOLDINGS LTD.;OTHER;13.05;43888230400.0
ASM.AS;ASM International N.V.;OTHER;897.4;43870363648.0
STT;State Street Corporation;OTHER;157.88;43695980544.0
P911.DE;Dr. Ing. h.c. F. Porsche AG   I;OTHER;47.58;43345383424.0
COIN;Coinbase Global, Inc.;OTHER;163.22;43002064896.0
ASTS;AST SpaceMobile, Inc.;OTHER;107.73;41812660224.0
KDP;Keurig Dr Pepper Inc.;OTHER;30.55;41565089792.0
DHI;D.R. Horton, Inc.;OTHER;144.5;40977256448.0
ARES;Ares Management Corporation;OTHER;123.1;40604119040.0
ADM;Archer-Daniels-Midland Company;OTHER;84.11;40537362432.0
BDX;Becton, Dickinson and Company;OTHER;145.61;40121438208.0
TTWO;Take-Two Interactive Software, ;SOFTWARE;215.8;40066863104.0
JBL;Jabil Inc.;OTHER;379.04;39989714944.0
AMP;Ameriprise Financial, Inc.;OTHER;440.93;39638323200.0
CRDO;Credo Technology Group Holding ;OTHER;214.6;39582957568.0
ESLT;Elbit Systems Ltd.;OTHER;829.81;38859993088.0
AXON;Axon Enterprise, Inc.;OTHER;481.48;38808289280.0
PEG;Public Service Enterprise Group;OTHER;77.75;38744489984.0
CCI;Crown Castle Inc.;OTHER;88.62;38678376448.0
AIG;American International Group, I;OTHER;72.55;38466461696.0
ED;Consolidated Edison, Inc.;OTHER;103.48;38135455744.0
IRM;Iron Mountain Incorporated (Del;AI;127.95;38068281344.0
KR;Kroger Company (The);OTHER;61.23;37752012800.0
PYPL;PayPal Holdings, Inc.;OTHER;42.61;37586513920.0
FM.TO;FIRST QUANTUM MINERALS LTD;QUANTUM;45.3;37516828672.0
ELE.MC;ENDESA,S.A.;OTHER;36.35;37331902464.0
HOT.DE;HOCHTIEF AG                   I;OTHER;495.2;37259644928.0
HSY;The Hershey Company;OTHER;183.2;37160906752.0
PCG;Pacific Gas & Electric Co.;OTHER;16.85;37107486720.0
VMC;Vulcan Materials Company (Holdi;OTHER;285.3;37019066368.0
CMG;Chipotle Mexican Grill, Inc.;OTHER;28.74;36865773568.0
WDAY;Workday, Inc.;OTHER;146.9;36280401920.0
NTAP;NetApp, Inc.;OTHER;181.08;35864768512.0
PAYX;Paychex, Inc.;OTHER;98.45;35273736192.0
SATS;EchoStar Corporation;OTHER;120.92;35044249600.0
PRU;Prudential Financial, Inc.;OTHER;100.79;35006898176.0
VOD;Vodafone Group Plc;OTHER;15.05;34655248384.0
TWLO;Twilio Inc.;OTHER;227.26;34492125184.0
HAL;Halliburton Company;OTHER;41.03;34276368384.0
FSLR;First Solar, Inc.;OTHER;318.25;34197030912.0
UAL;United Airlines Holdings, Inc.;AI;105.14;34125260800.0
BAYN.DE;Bayer AG                      N;OTHER;34.7;34090115072.0
EQT;EQT Corporation;OTHER;54.47;34069788672.0
ROP;Roper Technologies, Inc.;OTHER;331.7;33474289664.0
EC;Ecopetrol S.A.;OTHER;15.58;32029904896.0
TSEM;Tower Semiconductor Ltd.;SEMICONDUCTOR;267.91;31878350848.0
KMB;Kimberly-Clark Corporation;OTHER;94.76;31454668800.0
RBLX;Roblox Corporation;OTHER;43.68;31273951232.0
ZM;Zoom Communications, Inc.;OTHER;106.2;31141261312.0
MTSI;MACOM Technology Solutions Hold;OTHER;390.34;29781293056.0
EL;Estee Lauder Companies, Inc. (T;OTHER;82.05;29685274624.0
MDB;MongoDB, Inc.;OTHER;368.32;29624688640.0
LDO.MI;LEONARDO;OTHER;50.87;29351458816.0
CPRT;Copart, Inc.;OTHER;30.35;29236410368.0
VEEV;Veeva Systems Inc.;OTHER;178.72;29166872576.0
BIIB;Biogen Inc.;OTHER;195.96;28930971648.0
CASY;Caseys General Stores, Inc.;OTHER;774.19;28696848384.0
ADS.DE;adidas AG                     N;OTHER;161.6;28659587072.0
RJF;Raymond James Financial, Inc.;OTHER;146.56;28562057216.0
NVT;nVent Electric plc;OTHER;176.39;28525869056.0
SMCI;Super Micro Computer, Inc.;OTHER;47.42;28519264256.0
SYM;Symbotic Inc.;OTHER;47.21;28497551360.0
PBA;Pembina Pipeline Corp.;OTHER;48.55;28228669440.0
NRG;NRG Energy, Inc.;ENERGY;133.76;28221548544.0
ATO;Atmos Energy Corporation;ENERGY;168.3;28092606464.0
SIVE.ST;Sivers Semiconductors AB;SEMICONDUCTOR;92.5;27429464064.0
EIX;Edison International;OTHER;70.86;27266500608.0
FICO;Fair Isaac Corporation;AI;1174.66;27241431040.0
CNP;CenterPoint Energy, Inc (Holdin;ENERGY;41.54;27174201344.0
CW;Curtiss-Wright Corporation;OTHER;733.88;27110381568.0
EXPE;Expedia Group, Inc.;OTHER;225.41;27054178304.0
KHC;The Kraft Heinz Company;OTHER;22.76;26988300288.0
ADYEN.AS;ADYEN;OTHER;848.2;26749421568.0
FE;FirstEnergy Corp.;ENERGY;45.54;26341756928.0
VOD.L;VODAFONE GROUP PLC ORD USD0.20 ;OTHER;113.3;26089299968.0
XYL;Xylem Inc.;OTHER;109.69;26072598528.0
FN;Fabrinet;OTHER;725.0;25976561664.0
ILMN;Illumina, Inc.;OTHER;170.93;25861707776.0
TEAM;Atlassian Corporation;OTHER;101.53;25765050368.0
ES;Eversource Energy (D/B/A);ENERGY;68.18;25641136128.0
EQR;Equity Residential;OTHER;66.14;25554909184.0
DOW;Dow Inc.;OTHER;35.4;25514248192.0
IONQ;IonQ, Inc.;OTHER;68.23;25468209152.0
CTSH;Cognizant Technology Solutions ;OTHER;53.51;25310228480.0
PPG;PPG Industries, Inc.;OTHER;111.39;24828831744.0
CTRA;Coterra Energy Inc.;ENERGY;32.56;24724652032.0
RIVN;Rivian Automotive, Inc.;OTHER;18.27;24534169600.0
KIT.OL;KITRON;OTHER;110.8;24232232960.0
AWK;American Water Works Company, I;OTHER;123.81;24177682432.0
CRCL;Circle Internet Group, Inc.;OTHER;90.13;24090908672.0
HPQ;HP Inc.;OTHER;26.04;23814170624.0
BEP;Brookfield Renewable Partners L;OTHER;36.52;23492743168.0
IREN;IREN LIMITED;OTHER;65.48;23401158656.0
STZ;Constellation Brands, Inc.;OTHER;135.4;23319220224.0
AKAM;Akamai Technologies, Inc.;AI;160.36;23314012160.0
DG;Dollar General Corporation;OTHER;105.09;23181449216.0
YPF;YPF Sociedad Anonima;OTHER;54.9;23164301312.0
FFIV;F5, Inc.;OTHER;405.66;22887032832.0
BCE;BCE, Inc.;OTHER;24.51;22856208384.0
BESI.AS;BE Semiconductor Industries N.V;SEMICONDUCTOR;288.4;22845519872.0
MKSI;MKS Inc.;OTHER;335.15;22637414400.0
SQM;Sociedad Quimica y Minera S.A.;OTHER;78.58;22445420544.0
PSTG;Everpure, Inc.;OTHER;67.8;22405251072.0
BNTX;BioNTech SE;OTHER;88.45;22367610880.0
NXT;Nextpower Inc.;OTHER;146.47;22290286592.0
AFRM;Affirm Holdings, Inc.;OTHER;66.27;22193725440.0
LEN;Lennar Corporation;OTHER;89.46;22033846272.0
OKTA;Okta, Inc.;OTHER;124.65;21856935936.0
ZS;Zscaler, Inc.;OTHER;134.37;21728907264.0
L;Loews Corporation;OTHER;104.46;21494616064.0
SOFI;SoFi Technologies, Inc.;OTHER;16.68;21396123648.0
ENTG;Entegris, Inc.;OTHER;140.33;21372258304.0
LSCC;Lattice Semiconductor Corporati;SEMICONDUCTOR;154.6;21181415424.0
IOT;Samsara Inc.;OTHER;36.34;21175685120.0
FIS;Fidelity National Information S;OTHER;40.86;21119682560.0
SRG.MI;SNAM;OTHER;6.224;20886446080.0
ALB;Albemarle Corporation;OTHER;168.34;19853117440.0
TRN.MI;TERNA;OTHER;9.826;19718404096.0
LYC.AX;LYNAS FPO [LYC];OTHER;19.49;19616743424.0
MRNA;Moderna, Inc.;OTHER;49.06;19466334208.0
DD;DuPont de Nemours, Inc.;OTHER;47.97;19430643712.0
TU;Telus Corporation;OTHER;12.28;19173363712.0
AMKR;Amkor Technology, Inc.;OTHER;75.2;18640011264.0
GPN;Global Payments Inc.;OTHER;67.85;18559928320.0
RMBS;Rambus, Inc.;OTHER;170.66;18454654976.0
CHTR;Charter Communications, Inc.;OTHER;129.01;18213421056.0
DOCN;DigitalOcean Holdings, Inc.;OTHER;173.68;18125971456.0
CF;CF Industries Holdings, Inc.;OTHER;116.6;17913174016.0
BIP;Brookfield Infrastructure Partn;OTHER;38.82;17857495040.0
WY;Weyerhaeuser Company;OTHER;24.47;17643913216.0
PR;Permian Resources Corporation;OTHER;20.18;17385799680.0
TLN;Talen Energy Corporation;ENERGY;379.59;17345368064.0
GIS;General Mills, Inc.;OTHER;32.17;17168523264.0
BWXT;BWX Technologies, Inc.;OTHER;184.72;16923058176.0
GNRC;Generac Holdlings Inc.;OTHER;285.31;16795823104.0
OVV;Ovintiv Inc. (DE);OTHER;59.24;16647541760.0
GEN;Gen Digital Inc.;OTHER;26.5;15964496896.0
MOD;Modine Manufacturing Company;OTHER;302.03;15951950848.0
TXT;Textron Inc.;OTHER;91.38;15889974272.0
BEN;Franklin Resources, Inc.;OTHER;30.37;15781381120.0
LDOS;Leidos Holdings, Inc.;OTHER;124.35;15641421824.0
PL;Planet Labs PBC;OTHER;43.13;15371238400.0
SMTC;Semtech Corporation;OTHER;163.5;15230216192.0
LI;Li Auto Inc.;OTHER;14.99;15211769856.0
SANM;Sanmina Corporation;OTHER;282.72;15153152000.0
LULU;lululemon athletica inc.;OTHER;126.03;15066999808.0
DECK;Deckers Outdoor Corporation;OTHER;107.36;14910260224.0
HUT;Hut 8 Corp.;OTHER;131.29;14782480384.0
AAOI;Applied Optoelectronics, Inc.;OTHER;184.07;14770286592.0
TOST;Toast, Inc.;OTHER;25.07;14540600320.0
NIO;NIO Inc.;OTHER;5.75;14407585792.0
NTNX;Nutanix, Inc.;OTHER;53.04;14337800192.0
CHKP;Check Point Software Technologi;SOFTWARE;135.68;14114492416.0
ONTO;Onto Innovation Inc.;OTHER;279.98;13927204864.0
AUR;Aurora Innovation, Inc.;OTHER;6.95;13630360576.0
APA;APA Corporation;OTHER;38.33;13548515328.0
ARCC;Ares Capital Corporation;OTHER;18.68;13412667392.0
DINO;HF Sinclair Corporation;AI;73.34;13221400576.0
WULF;TeraWulf Inc.;OTHER;26.16;12963133440.0
VIAV;Viavi Solutions Inc.;OTHER;52.42;12931261440.0
APLD;Applied Digital Corporation;OTHER;44.71;12776755200.0
U;Unity Software Inc.;SOFTWARE;29.22;12755552256.0
DT;Dynatrace, Inc.;OTHER;43.44;12661705728.0
TYL;Tyler Technologies, Inc.;OTHER;303.77;12497266688.0
DKNG;DraftKings Inc.;OTHER;25.11;12457795584.0
MGM;MGM Resorts International;OTHER;48.3;12357614592.0
SWK;Stanley Black & Decker, Inc.;OTHER;78.59;12217252864.0
MP;MP Materials Corp.;OTHER;68.55;12203421696.0
IONS;Ionis Pharmaceuticals, Inc.;OTHER;73.82;12199682048.0
SWKS;Skyworks Solutions, Inc.;OTHER;80.66;12131745792.0
MAP.MC;MAPFRE, S.A.;OTHER;3.892;11924548608.0
HAS;Hasbro, Inc.;OTHER;84.13;11903610880.0
ZBRA;Zebra Technologies Corporation;OTHER;249.3;11875004416.0
DHER.DE;Delivery Hero SE              N;OTHER;38.49;11691304960.0
AGNC;AGNC Investment Corp.;OTHER;10.17;11674440704.0
CACI;CACI International, Inc.;OTHER;528.07;11665755136.0
PNR;Pentair plc.;AI;71.45;11546715136.0
HUBS;HubSpot, Inc.;OTHER;222.45;11387372544.0
OKLO;Oklo Inc.;OTHER;65.21;11345952768.0
HII;Huntington Ingalls Industries, ;OTHER;287.54;11330234368.0
AR;Antero Resources Corporation;OTHER;36.53;11318308864.0
JOBY;Joby Aviation, Inc.;OTHER;11.43;11243038720.0
GDDY;GoDaddy Inc.;OTHER;83.98;11119779840.0
CGNX;Cognex Corporation;OTHER;66.06;10993669120.0
KTOS;Kratos Defense & Security Solut;DEFENSE;58.43;10956792832.0
WYNN;Wynn Resorts, Limited;OTHER;104.95;10892417024.0
STR.VI;STRABAG SE;OTHER;93.7;10816979968.0
SJM;The J.M. Smucker Company;OTHER;101.27;10800275456.0
CIFR;Cipher Digital Inc.;OTHER;26.24;10733450240.0
CLX;Clorox Company (The);OTHER;88.53;10705167360.0
GSAT;Globalstar, Inc.;OTHER;81.6;10509176832.0
AES;The AES Corporation;OTHER;14.71;10490549248.0
SIMO;Silicon Motion Technology Corpo;OTHER;306.57;10395125760.0
ARWR;Arrowhead Pharmaceuticals, Inc.;OTHER;72.55;10219177984.0
QBTS;D-Wave Quantum Inc.;QUANTUM;27.55;10205764608.0
DOCU;DocuSign, Inc.;OTHER;52.4;10180869120.0
LHA.DE;DEUTSCHE LUFTHANSA AG         V;OTHER;8.314;9970688000.0
GME;GameStop Corporation;OTHER;22.18;9951971328.0
ALGM;Allegro MicroSystems, Inc.;OTHER;53.11;9890272256.0
SHA0.DE;Schaeffler AG                 N;OTHER;10.4;9826800640.0
FORM;FormFactor, Inc.;OTHER;126.02;9823859712.0
NDX1.DE;Nordex SE                     I;OTHER;41.0;9711756288.0
AVAV;AeroVironment, Inc.;OTHER;191.47;9689353216.0
CWEN;Clearway Energy, Inc.;ENERGY;40.31;9678301184.0
TTD;The Trade Desk, Inc.;OTHER;20.56;9665427456.0
VSAT;ViaSat, Inc.;OTHER;69.62;9507931136.0
RRC;Range Resources Corporation;OTHER;39.82;9382477824.0
QRVO;Qorvo, Inc.;OTHER;104.73;9217672192.0
CORZ;Core Scientific, Inc.;OTHER;28.93;9196421120.0
HAG.DE;HENSOLDT AG                   I;OTHER;79.28;9156839424.0
ENPH;Enphase Energy, Inc.;ENERGY;69.02;9096713216.0
CRUS;Cirrus Logic, Inc.;OTHER;178.9;9049279488.0
MBLY;Mobileye Global Inc.;OTHER;10.74;9045079040.0
ARE;Alexandria Real Estate Equities;OTHER;51.27;8934796288.0
TTC;Toro Company (The);OTHER;90.95;8865863680.0
TEM;Tempus AI, Inc.;AI;47.51;8531121664.0
CAMT;Camtek Ltd.;OTHER;183.45;8446858752.0
HALO;Halozyme Therapeutics, Inc.;OTHER;69.82;8281559552.0
SBSW;D/B/A Sibanye-Stillwater Limite;OTHER;11.1;8029410816.0
RGTI;Rigetti Computing, Inc.;OTHER;24.095;8009149440.0
HESM;Hess Midstream LP;OTHER;38.47;7949216768.0
CHRD;Chord Energy Corporation;ENERGY;140.62;7916790784.0
MDA.TO;MDA SPACE LTD;OTHER;55.84;7747854336.0
PCOR;Procore Technologies, Inc.;OTHER;50.65;7642589184.0
NXE;Nexgen Energy Ltd.;ENERGY;11.34;7506053120.0
NOV;NOV Inc.;OTHER;20.82;7472057856.0
UGI;UGI Corporation;OTHER;34.51;7398726656.0
TKA.DE;thyssenkrupp AG               I;OTHER;11.83;7364550144.0
NVTS;Navitas Semiconductor Corporati;SEMICONDUCTOR;30.84;7308790272.0
SLAB;Silicon Laboratories, Inc.;OTHER;219.13;7227307008.0
ABVX;Abivax SA;OTHER;90.15;7184462336.0
NEM.DE;Nemetschek SE                 I;OTHER;62.0;7155344896.0
GDS;GDS Holdings Limited;OTHER;35.17;7047280640.0
MTDR;Matador Resources Company;OTHER;56.54;7021037056.0
UEC;Uranium Energy Corp.;ENERGY;14.09;6907210752.0
A2A.MI;A2A;OTHER;2.202;6880780800.0
ACLX;Arcellx, Inc.;OTHER;115.07;6732325376.0
ESTC;Elastic N.V.;OTHER;64.1;6634414592.0
DBX;Dropbox, Inc.;OTHER;27.59;6436765184.0
PAYC;Paycom Software, Inc.;SOFTWARE;137.79;6424747008.0
KLAR;Klarna Group plc;OTHER;16.95;6409023488.0
VAL;Valaris Limited;OTHER;92.06;6375318528.0
HIMS;Hims & Hers Health, Inc.;OTHER;27.51;6367401472.0
BZ;KANZHUN LIMITED - American Depo;OTHER;14.1;6365752320.0
ETSY;Etsy, Inc.;OTHER;67.05;6362792448.0
NEL.OL;NEL;OTHER;3.435;6313666560.0
CPB;The Campbell's Company;OTHER;20.99;6258095104.0
PATH;UiPath, Inc.;OTHER;11.67;6073574400.0
PCTY;Paylocity Holding Corporation;OTHER;112.82;6040840192.0
ZAL.DE;Zalando SE                    I;OTHER;23.36;6030492672.0
BB;BlackBerry Limited;OTHER;10.18;5966105088.0
NOVT;Novanta Inc.;OTHER;166.94;5945043456.0
APPF;AppFolio, Inc.;OTHER;166.27;5879063040.0
ZETA;Zeta Global Holdings Corp.;OTHER;23.27;5800224768.0
ONDS;Ondas Inc;OTHER;11.61;5787459072.0
ABVX.PA;ABIVAX;OTHER;71.25;5678235648.0
KLIC;Kulicke and Soffa Industries, I;OTHER;108.4;5672883712.0
ALM;Almonty Industries Inc.;OTHER;19.96;5663486976.0
SYNA;Synaptics Incorporated;OTHER;144.98;5601691136.0
S;SentinelOne, Inc.;OTHER;16.3;5566158336.0
LUNR;Intuitive Machines, Inc.;OTHER;33.83;5428101632.0
QS;QuantumScape Corporation;QUANTUM;8.76;5388670976.0
DIOD;Diodes Incorporated;OTHER;116.22;5339697152.0
EVD.DE;CTS Eventim AG & Co. KGaA     I;OTHER;55.15;5293920256.0
WCH.DE;Wacker Chemie AG              I;OTHER;105.6;5245995008.0
GTLB;GitLab Inc.;OTHER;30.93;5222587392.0
IRDM;Iridium Communications Inc;OTHER;48.97;5177487872.0
IPGP;IPG Photonics Corporation;OTHER;121.62;5161992704.0
PLUG;Plug Power, Inc.;OTHER;3.69;5147804672.0
R3NK.DE;RENK Group AG                 I;OTHER;51.35;5135000064.0
WEX;WEX Inc.;OTHER;145.87;5057041920.0
PBF;PBF Energy Inc.;ENERGY;42.55;5034024960.0
CRSP;CRISPR Therapeutics AG;OTHER;52.08;5023053312.0
DUOL;Duolingo, Inc.;OTHER;107.4;5004100608.0
ACHR;Archer Aviation Inc.;OTHER;6.53;4981508096.0
ACLS;Axcelis Technologies, Inc.;OTHER;159.19;4892529152.0
SAIC;Science Applications Internatio;OTHER;114.73;4850419712.0
TKMS.DE;TKMS AG & Co. KGaA            I;OTHER;75.9;4821445120.0
BTDR;Bitdeer Technologies Group;OTHER;19.71;4795712000.0
CNX;CNX Resources Corporation;OTHER;33.57;4749403136.0
POWI;Power Integrations, Inc.;OTHER;84.99;4735641088.0
OPEN;Opendoor Technologies Inc;OTHER;4.87;4698267136.0
FLNC;Fluence Energy, Inc.;ENERGY;24.85;4580120576.0
PTEN;Patterson-UTI Energy, Inc.;ENERGY;12.01;4559208448.0
TWST;Twist Bioscience Corporation;OTHER;72.33;4504083968.0
SEDG;SolarEdge Technologies, Inc.;OTHER;74.02;4501763072.0
UUUU;Energy Fuels Inc;ENERGY;18.0;4497606144.0
PONY;Pony AI Inc.;AI;10.37;4495825920.0
MIR;Mirion Technologies, Inc.;OTHER;18.24;4462520320.0
MNDY;monday.com Ltd.;OTHER;85.95;4430848000.0
AIR;AAR Corp.;OTHER;111.36;4428148736.0
OLED;Universal Display Corporation;OTHER;90.84;4246850816.0
SMR;NuScale Power Corporation;OTHER;12.27;4246718208.0
HIMX;Himax Technologies, Inc.;OTHER;24.19;4219363072.0
TVTX;Travere Therapeutics, Inc.;OTHER;45.2;4203279360.0
PI;Impinj, Inc.;OTHER;137.76;4196057088.0
UCTT;Ultra Clean Holdings, Inc.;OTHER;92.55;4148864000.0
FR.PA;VALEO;OTHER;16.64;4042584320.0
IOS.DE;IONOS Group SE                N;OTHER;29.14;3987710976.0
FOUR;Shift4 Payments, Inc.;OTHER;40.22;3987006720.0
VRNS;Varonis Systems, Inc.;OTHER;33.51;3935673088.0
QLYS;Qualys, Inc.;OTHER;111.61;3930570240.0
ATS.TO;ATS CORPORATION;OTHER;40.18;3897746688.0
PUM.DE;PUMA SE                       I;OTHER;26.44;3892203776.0
HP;Helmerich & Payne, Inc.;OTHER;38.44;3841345536.0
ETL.PA;EUTELSAT COMMUNIC.;OTHER;3.261;3841242880.0
KC;Kingsoft Cloud Holdings Limited;OTHER;12.74;3813969408.0
RDW;Redwire Corporation;OTHER;18.62;3703866624.0
BOX;Box, Inc.;OTHER;26.69;3697436160.0
VECO;Veeco Instruments Inc.;OTHER;60.46;3690084352.0
RNG;Ringcentral, Inc.;OTHER;43.97;3687262976.0
TDW;Tidewater Inc.;OTHER;74.0;3680068352.0
BTU;Peabody Energy Corporation;ENERGY;30.11;3668422656.0
AEHR;Aehr Test Systems;OTHER;114.59;3604228352.0
LEU;Centrus Energy Corp.;ENERGY;181.67;3573956352.0
SZG.DE;SALZGITTER AG                 I;OTHER;66.05;3572466432.0
RUN;Sunrun Inc.;OTHER;14.85;3542456832.0
CLBT;Cellebrite DI Ltd.;OTHER;14.18;3537056768.0
BILL;BILL Holdings, Inc.;OTHER;35.2;3505804800.0
SOUN;SoundHound AI, Inc.;AI;8.08;3496778496.0
ILU.AX;ILUKA RES FPO [ILU];OTHER;8.08;3484055552.0
SLG;SL Green Realty Corp;OTHER;44.51;3427394560.0
VKTX;Viking Therapeutics, Inc.;OTHER;29.33;3405378304.0
KNTK;Kinetik Holdings Inc.;OTHER;45.99;3384971520.0
DLO;DLocal Limited;OTHER;11.4;3354667776.0
TDC;Teradata Corporation;OTHER;34.97;3290676992.0
TENB;Tenable Holdings, Inc.;OTHER;29.69;3273975040.0
FSLY;Fastly, Inc.;OTHER;20.83;3259895040.0
AMBA;Ambarella, Inc.;OTHER;73.8;3236977664.0
DAVE;Dave Inc.;OTHER;249.33;3170043136.0
IAC;IAC Inc.;OTHER;42.24;3142127872.0
DNN;Denison Mines Corp;OTHER;3.42;3095158016.0
AMPX;Amprius Technologies, Inc.;OTHER;21.74;3078974720.0
MP1.AX;MEGAPORT FPO [MP1];OTHER;16.61;3065629440.0
BEAM;Beam Therapeutics Inc.;OTHER;29.55;3040080640.0
WOLF;Wolfspeed, Inc.;OTHER;61.67;2981070848.0
FNTN.DE;freenet AG                    N;OTHER;24.88;2935357184.0
UPST;Upstart Holdings, Inc.;OTHER;30.29;2899103488.0
QTWO;Q2 Holdings, Inc.;OTHER;45.42;2843311104.0
DRO.AX;DRONE FPO [DRO];OTHER;3.07;2834385664.0
OUST;Ouster, Inc.;OTHER;43.96;2799062784.0
WK;Workiva Inc.;OTHER;49.84;2796987648.0
EOSE;Eos Energy Enterprises, Inc.;ENERGY;8.2;2784014848.0
AMR;Alpha Metallurgical Resources, ;OTHER;212.78;2705417728.0
PAY;Paymentus Holdings, Inc.;OTHER;21.11;2655412992.0
POET;POET Technologies Inc.;OTHER;15.38;2654517504.0
BRZE;Braze, Inc.;OTHER;23.56;2653602048.0
COHU;Cohu, Inc.;OTHER;56.12;2647480576.0
FRSH;Freshworks Inc.;OTHER;9.55;2639946496.0
APAM;Artisan Partners Asset Manageme;OTHER;36.54;2594093568.0
STNE;StoneCo Ltd.;OTHER;10.64;2587948288.0
DFTX;Definium Therapeutics, Inc.;OTHER;23.59;2572885504.0
VBK.DE;Verbio SE                     I;OTHER;39.74;2532053248.0
TARS;Tarsus Pharmaceuticals, Inc.;OTHER;58.76;2528087808.0
QUBT;Quantum Computing Inc.;QUANTUM;11.2;2525991936.0
CALX;Calix, Inc;OTHER;38.5;2455618560.0
PAGS;PagSeguro Digital Ltd.;OTHER;8.77;2451384576.0
JUN3.DE;JUNGHEINRICH AG               I;OTHER;23.74;2421479936.0
HG.CN;HydrographCP;OTHER;6.87;2405711616.0
NOG;Northern Oil and Gas, Inc.;OTHER;22.11;2405217792.0
PNG.V;KRAKEN ROBOTICS INC;OTHER;7.77;2386749952.0
BBAI;BigBear.ai, Inc.;AI;4.83;2313325824.0
WIX;Wix.com Ltd.;OTHER;55.075;2304861952.0
CSGS;CSG Systems International, Inc.;OTHER;80.69;2300464128.0
ATEN;A10 Networks, Inc.;OTHER;31.44;2263622656.0
RAMP;LiveRamp Holdings, Inc.;OTHER;37.4;2247286272.0
ESTA;Establishment Labs Holdings Inc;OTHER;72.41;2131054592.0
ARR;ARMOUR Residential REIT, Inc.;OTHER;17.07;2117467136.0
RCAT;Red Cat Holdings, Inc.;OTHER;13.79;2098731392.0
SHLS;Shoals Technologies Group, Inc.;OTHER;12.39;2078692992.0
MGNI;Magnite, Inc.;OTHER;14.45;2069456896.0
SPSC;SPS Commerce, Inc.;OTHER;55.55;2039390720.0
GNL;Global Net Lease, Inc.;OTHER;9.21;1951888768.0
ASAN;Asana, Inc.;OTHER;7.97;1891785600.0
RXRX;Recursion Pharmaceuticals, Inc.;OTHER;3.47;1841744896.0
VET;Vermilion Energy Inc.;ENERGY;11.94;1829207936.0
LAC;Lithium Americas Corp.;LITHIUM;5.2;1825524736.0
NTLA;Intellia Therapeutics, Inc.;OTHER;13.02;1819184000.0
SEMR;SEMrush Holdings, Inc.;OTHER;12.0;1814168832.0
ENVX;Enovix Corporation;OTHER;8.23;1795402752.0
ZYME;Zymeworks Inc.;OTHER;24.35;1791525504.0
APPN;Appian Corporation;OTHER;24.07;1767029760.0
ABCL;AbCellera Biologics Inc.;OTHER;5.72;1746747136.0
KSS;Kohl's Corporation;OTHER;15.52;1742168960.0
NCNO;nCino, Inc.;OTHER;15.88;1739700864.0
IAS;Integral Ad Science Holding Cor;OTHER;10.34;1735615872.0
GLOB;Globant S.A.;OTHER;39.67;1712932864.0
PAYO;Payoneer Global Inc.;OTHER;5.09;1704023424.0
IOVA;Iovance Biotherapeutics, Inc.;OTHER;3.79;1692244096.0
MQ;Marqeta, Inc.;OTHER;3.87;1640997248.0
AEVA;Aeva Technologies, Inc.;OTHER;25.31;1595563136.0
HLIT;Harmonic Inc.;OTHER;14.66;1590557696.0
AI;C3.ai, Inc.;AI;10.71;1556068992.0
DEQ.DE;DEUTSCHE EUROSHOP AG          N;OTHER;20.25;1533813120.0
AMG.AS;AMG Critical Materials N.V.;OTHER;39.86;1418461952.0
KSB3.DE;KSB SE & Co. KGaA             I;OTHER;804.0;1408066944.0
BKSY;BlackSky Technology Inc.;OTHER;37.48;1390846208.0
AMC;AMC Entertainment Holdings, Inc;AI;1.83;1380134272.0
UMAC;Unusual Machines, Inc.;OTHER;28.86;1379332736.0
NNE;Nano Nuclear Energy Inc.;ENERGY;26.37;1374453888.0
CXM;Sprinklr, Inc.;OTHER;5.45;1356310656.0
ARRY;Array Technologies, Inc.;OTHER;8.75;1345980800.0
ORC;Orchid Island Capital, Inc.;OTHER;6.6;1324621440.0
WEN;Wendy's Company (The);OTHER;6.85;1304792320.0
BLKB;Blackbaud, Inc.;OTHER;28.11;1291151488.0
PFI.F;PALFINGER AG                  I;OTHER;34.2;1285689344.0
PAL.VI;Palfinger AG;OTHER;34.05;1280050304.0
NAK;Northern Dynasty Minerals, Ltd.;OTHER;2.25;1260700160.0
VOS.DE;VOSSLOH AG                    I;OTHER;64.95;1254872704.0
RDWR;Radware Ltd.;OTHER;29.77;1252795648.0
GILT;Gilat Satellite Networks Ltd.;OTHER;15.48;1168290176.0
SATL;Satellogic Inc.;OTHER;7.84;1162233728.0
PGY;Pagaya Technologies Ltd.;OTHER;13.96;1156876928.0
VH2.DE;Friedrich Vorwerk Group SE    I;OTHER;57.15;1143000064.0
SDGR;Schrodinger, Inc.;OTHER;14.93;1115580416.0
HIVE;HIVE Digital Technologies Ltd;OTHER;4.38;1109264640.0
AZTA;Azenta, Inc.;OTHER;23.89;1101157120.0
EVEX;Eve Holding, Inc.;OTHER;3.14;1093676416.0
UPWK;Upwork Inc.;OTHER;8.56;1057315264.0
NRGV;Energy Vault Holdings, Inc.;ENERGY;5.86;1044522688.0
QNC.V;QUANTUM EMOTION CORP;QUANTUM;4.75;1042005888.0
HIVE.V;HIVE DIGITAL TECHNOLOGIES LTD;OTHER;4.1;1038352704.0
INDI;indie Semiconductor, Inc.;SEMICONDUCTOR;4.88;1031088384.0
SLI;Standard Lithium Ltd.;LITHIUM;3.93;958366144.0
GDRX;GoodRx Holdings, Inc.;OTHER;2.81;951677760.0
KRI.AT;KRI-KRI S.A.;OTHER;27.95;921396032.0
GXI.DE;Gerresheimer AG               I;OTHER;26.3;908401984.0
LAES;SEALSQ Corp;OTHER;3.46;770798080.0
KURA;Kura Oncology, Inc.;OTHER;8.655;768342144.0
URG;Ur Energy Inc;ENERGY;1.93;766850432.0
SLDP;Solid Power, Inc.;OTHER;3.32;746945856.0
EH;EHang Holdings Limited;OTHER;9.78;741767616.0
SPIR;Spire Global, Inc.;OTHER;19.04;737067904.0
IVR;INVESCO MORTGAGE CAPITAL INC;OTHER;7.8;724021568.0
SERV;Serve Robotics Inc.;OTHER;8.24;701143488.0
ZVRA;Zevra Therapeutics, Inc.;OTHER;10.96;647901312.0
CRMD;CorMedix Inc.;OTHER;8.23;645659008.0
TLRY;Tilray Brands, Inc.;OTHER;5.11;611177600.0
RR;Richtech Robotics Inc.;OTHER;2.695;602591104.0
DNA;Ginkgo Bioworks Holdings, Inc.;OTHER;8.73;570282816.0
DNUT;Krispy Kreme, Inc.;OTHER;3.3;568920000.0
UROY;Uranium Royalty Corp.;OTHER;3.61;529198944.0
PUBM;PubMatic, Inc.;OTHER;11.38;528525024.0
DR0.DE;Deutsche Rohstoff AG          N;OTHER;109.6;524988480.0
RPD;Rapid7, Inc.;OTHER;7.665;512256672.0
ABAT;American Battery Technology Com;OTHER;3.62;493820160.0
SES;SES AI Corporation;AI;1.33;491146880.0
PACB;Pacific Biosciences of Californ;OTHER;1.58;490750688.0
MVST;Microvast Holdings, Inc.;OTHER;1.44;479746656.0
VLA.PA;VALNEVA SE;OTHER;2.378;450980352.0
SPCE;Virgin Galactic Holdings, Inc.;OTHER;4.29;448098976.0
OCGN;Ocugen, Inc.;OTHER;1.3;440078400.0
SPT;Sprout Social, Inc;OTHER;7.24;435164064.0
GLAD;Gladstone Capital Corporation;OTHER;18.92;427460864.0
EDIT;Editas Medicine, Inc.;OTHER;2.78;426623904.0
DBAN.DE;Deutsche Beteiligungs AG      N;OTHER;23.7;421901536.0
MNPR;Monopar Therapeutics Inc.;OTHER;60.56;405695200.0
F3C.DE;SFC Energy AG                 I;ENERGY;22.35;388844768.0
PDYN;Palladyne AI Corp.;AI;7.81;368977376.0
FVRR;Fiverr International Ltd.;OTHER;10.07;362023808.0
LTBR;Lightbridge Corporation;OTHER;10.97;360304032.0
SENS;Senseonics Holdings, Inc.;OTHER;6.72;350803904.0
VUZI;Vuzix Corporation;OTHER;4.105;341364640.0
LTRX;Lantronix, Inc.;OTHER;7.5;334564480.0
EVTL;Vertical Aerospace Ltd.;OTHER;2.53;322139840.0
EU;enCore Energy Corp.;ENERGY;1.58;306888160.0
ASYS;Amtech Systems, Inc.;OTHER;21.07;306721728.0
ETG.DE;EnviTec Biogas AG             I;OTHER;19.8;294029984.0
EGHT;8x8 Inc;OTHER;2.035;287321216.0
QSI;Quantum-Si Incorporated;QUANTUM;1.19;259134608.0
DPRO;Draganfly Inc.;OTHER;6.99;255106608.0
ARQQ;Arqit Quantum Inc.;QUANTUM;14.64;254771312.0
BZAI;Blaize Holdings, Inc.;AI;1.79;254716016.0
SCM;Stellus Capital Investment Corp;OTHER;8.68;251262176.0
CDXS;Codexis, Inc.;OTHER;2.72;247238672.0
0660.HK;WAI CHUN BIOTEC;AI;0.66;242644464.0
QMCO;Quantum Corporation;QUANTUM;15.95;233476560.0
ARCT;Arcturus Therapeutics Holdings ;OTHER;7.6;216015312.0
4X0.VI;Steyr Motors AG;OTHER;35.36;183872000.0
4X0.DE;Steyr Motors AG               I;OTHER;35.12;182624000.0
VERI;Veritone, Inc.;OTHER;1.82;169177008.0
INVZ;Innoviz Technologies Ltd.;OTHER;0.7393;163655392.0
CA1.DE;Circus SE                     I;OTHER;6.58;156526368.0
LI.V;AMERICAN LITHIUM CORP;LITHIUM;0.56;143172192.0
ADE.DE;Bitcoin Group SE              I;OTHER;27.6;138000000.0
93M1.DE;MPH Health Care AG            I;OTHER;26.4;113028536.0
REKR;Rekor Systems, Inc.;OTHER;0.7828;107719632.0
AISP;Airship AI Holdings, Inc;AI;3.01;103663072.0
OTLK;Outlook Therapeutics, Inc.;OTHER;0.8098;97875064.0
LIDR;AEye, Inc.;OTHER;1.99;92166496.0
OPTT;Ocean Power Technologies, Inc.;OTHER;0.3952;90114864.0
STEM;Stem, Inc.;OTHER;9.04;80970856.0
MWB0.F;mwb fairtrade Wphdlsbank AG   N;AI;10.7;79510136.0
UAVS;AgEagle Aerial Systems, Inc.;OTHER;1.06;62112944.0
VRL.DE;net digital AG                I;OTHER;14.7;31520916.0
QNTM;Quantum Biopharma Ltd.;QUANTUM;4.88;31225398.0
QBTQ.CN;SuperQQuaComp;OTHER;0.93;28572118.0
QBTQF;SUPERQ QUANTUM COMPUTING INC;QUANTUM;0.68;20891442.0
DFNS;T3 Defense Inc.;DEFENSE;0.312;18804404.0
25X.F;SuperQ Quantum Computing Inc. R;QUANTUM;0.61;18740852.0
CMBM;Cambium Networks Corporation;OTHER;0.401;11325767.0
CXAI;CXApp Inc.;OTHER;0.1592;11158213.0
BUG;Global X Cybersecurity ETF;OTHER;;
CIBR;First Trust NASDAQ Cybersecurit;OTHER;;
CL2.PA;Amundi MSCI USA Daily (2x) Leve;AI;;
CMOE.MI;INVESCO BLOOM COMMODIT UCITS ET;OTHER;;
DFEN.DE;VanEck ETFs-VanEck Defense ETFR;DEFENSE;;
DMTX;Dimension Therapeutics, Inc.;OTHER;;
DN3.F;Metaplanet Inc.               R;OTHER;1.3382;
FM;iShares Frontier and Select EM ;OTHER;;
HACK;Amplify Cybersecurity ETF;OTHER;;
IUIT.L;ISHARES V PUBLIC LIMITED COMPAN;OTHER;;
LQQ.PA;Amundi Nasdaq-100 Daily (2x) Le;AI;;
QDVE.DE;iShsV-S&P 500 Inf.Te.Sec.U.ETFR;OTHER;;
QUTM.DE;VanEck ETF-Quantum Computing  R;QUANTUM;;
QYLD.L;GLOBAL X ETFS ICAV GLOBAL X NAS;OTHER;;
ROBO;ROBO Global Robotics and Automa;OTHER;;
SCWX.DE;Scalable MSCI AC Wld XtrackersA;OTHER;;
SGLN.L;ISHARES PHYSICAL METALS PLC ISH;OTHER;;
SMSN.IL;SAMSUNG ELECTRONICS CO LTD (ATT;OTHER;5850.0;
SSLN.L;ISHARES PHYSICAL METALS PLC ISH;OTHER;;
XAD6.DE;DB ETC PLC                    E;OTHER;;
XMAW.DE;Xtr.(IE)-MSCI AC World Sc.    R;OTHER;;
